{
    "name": "Global Information",
    "numberOfRequests": {
        "total": 2020,
        "ok": 1314,
        "ko": 706
    },
    "minResponseTime": {
        "total": 72,
        "ok": 72,
        "ko": 10000
    },
    "maxResponseTime": {
        "total": 60008,
        "ok": 59686,
        "ko": 60008
    },
    "meanResponseTime": {
        "total": 20293,
        "ok": 10736,
        "ko": 38081
    },
    "standardDeviation": {
        "total": 22380,
        "ok": 13705,
        "ko": 24434
    },
    "percentiles1": {
        "total": 10162,
        "ok": 5387,
        "ko": 60000
    },
    "percentiles2": {
        "total": 32168,
        "ok": 13324,
        "ko": 60000
    },
    "percentiles3": {
        "total": 60001,
        "ok": 37061,
        "ko": 60004
    },
    "percentiles4": {
        "total": 60006,
        "ok": 59095,
        "ko": 60007
    },
    "group1": {
    "name": "t < 800 ms",
    "count": 194,
    "percentage": 10
},
    "group2": {
    "name": "800 ms < t < 1200 ms",
    "count": 51,
    "percentage": 3
},
    "group3": {
    "name": "t > 1200 ms",
    "count": 1069,
    "percentage": 53
},
    "group4": {
    "name": "failed",
    "count": 706,
    "percentage": 35
},
    "meanNumberOfRequestsPerSecond": {
        "total": 13.64864864864865,
        "ok": 8.878378378378379,
        "ko": 4.77027027027027
    }
}