{
    "name": "Global Information",
    "numberOfRequests": {
        "total": 8620,
        "ok": 3614,
        "ko": 5006
    },
    "minResponseTime": {
        "total": 76,
        "ok": 76,
        "ko": 9782
    },
    "maxResponseTime": {
        "total": 60026,
        "ok": 58680,
        "ko": 60026
    },
    "meanResponseTime": {
        "total": 17881,
        "ok": 10797,
        "ko": 22994
    },
    "standardDeviation": {
        "total": 19098,
        "ok": 11452,
        "ko": 21702
    },
    "percentiles1": {
        "total": 10028,
        "ok": 6251,
        "ko": 10062
    },
    "percentiles2": {
        "total": 16964,
        "ok": 16031,
        "ko": 60000
    },
    "percentiles3": {
        "total": 60000,
        "ok": 35609,
        "ko": 60001
    },
    "percentiles4": {
        "total": 60006,
        "ok": 50004,
        "ko": 60011
    },
    "group1": {
    "name": "t < 800 ms",
    "count": 216,
    "percentage": 3
},
    "group2": {
    "name": "800 ms < t < 1200 ms",
    "count": 203,
    "percentage": 2
},
    "group3": {
    "name": "t > 1200 ms",
    "count": 3195,
    "percentage": 37
},
    "group4": {
    "name": "failed",
    "count": 5006,
    "percentage": 58
},
    "meanNumberOfRequestsPerSecond": {
        "total": 16.38783269961977,
        "ok": 6.870722433460076,
        "ko": 9.517110266159696
    }
}